split,accuracy,f1,auc
Val,0.8208092485549133,0.20512820512820512,0.5617715617715617
Test,0.783068783068783,0.19607843137254902,0.5576162967467315
