{
  "val": {
    "acc": 0.17341040462427745,
    "f1": 0.2955665024630542,
    "auc": 0.9503496503496505
  },
  "test": {
    "acc": 0.24338624338624337,
    "f1": 0.39148936170212767,
    "auc": 0.8060200668896321
  }
}